"Town","fn","fn href","Type","Wiki Link","Revenue (USD)","reference","reference href","cite-bracket","cite-bracket 2","Planning Region","Per Capita income","reference 2","reference href 2","cite-bracket 3","cite-bracket 4","Median Household Income","Median Family Income","Population"
"1","Julien Neals","https://en.wikipedia.org/wiki/Julien_Neals","D.N.J.","https://en.wikipedia.org/wiki/United_States_District_Court_for_the_District_of_New_Jersey","April 19, 2021","Rn 5","https://en.wikipedia.org/wiki/List_of_federal_judges_appointed_by_Joe_Biden#cite_note-Neals-64","[","]","June 8, 2021","66–33","D 1","https://en.wikipedia.org/wiki/List_of_federal_judges_appointed_by_Joe_Biden#cite_note-Neals-65","[","]","June 22, 2021","Incumbent","–"
"2","Regina M. Rodriguez","https://en.wikipedia.org/wiki/Regina_M._Rodriguez","D. Colo.","https://en.wikipedia.org/wiki/United_States_District_Court_for_the_District_of_Colorado","April 19, 2021","Rn 6","https://en.wikipedia.org/wiki/List_of_federal_judges_appointed_by_Joe_Biden#cite_note-Rodriguez-66","[","]","June 8, 2021","72–28","D 2","https://en.wikipedia.org/wiki/List_of_federal_judges_appointed_by_Joe_Biden#cite_note-Rodriguez-67","[","]","July 1, 2021","Incumbent","–"
"3","Zahid Quraishi","https://en.wikipedia.org/wiki/Zahid_Quraishi","D.N.J.","https://en.wikipedia.org/wiki/United_States_District_Court_for_the_District_of_New_Jersey","April 19, 2021","D 3","https://en.wikipedia.org/wiki/List_of_federal_judges_appointed_by_Joe_Biden#cite_note-Quraishi-68","[","]","June 10, 2021","81–16","","","","","June 22, 2021","Incumbent","–"
"4","Lydia Griggsby","https://en.wikipedia.org/wiki/Lydia_Griggsby","D. Md.","https://en.wikipedia.org/wiki/United_States_District_Court_for_the_District_of_Maryland","April 19, 2021","D 4","https://en.wikipedia.org/wiki/List_of_federal_judges_appointed_by_Joe_Biden#cite_note-Griggsby-69","[","]","June 16, 2021","59–39","","","","","July 20, 2021","Incumbent","–"
"5","Deborah Boardman","https://en.wikipedia.org/wiki/Deborah_Boardman","D. Md.","https://en.wikipedia.org/wiki/United_States_District_Court_for_the_District_of_Maryland","April 19, 2021","D 5","https://en.wikipedia.org/wiki/List_of_federal_judges_appointed_by_Joe_Biden#cite_note-Boardman-70","[","]","June 23, 2021","52–48","","","","","June 25, 2021","Incumbent","–"
"6","David Estudillo","https://en.wikipedia.org/wiki/David_Estudillo","","https://en.wikipedia.org/wiki/United_States_District_Court_for_the_Western_District_of_Washington","April 29, 2021","D 6","https://en.wikipedia.org/wiki/List_of_federal_judges_appointed_by_Joe_Biden#cite_note-Estudillo-71","[","]","September 14, 2021","54–41","","","","","October 7, 2021","Incumbent","–"
"7","Angel Kelley","https://en.wikipedia.org/wiki/Angel_Kelley","D. Mass.","https://en.wikipedia.org/wiki/United_States_District_Court_for_the_District_of_Massachusetts","May 12, 2021","D 7","https://en.wikipedia.org/wiki/List_of_federal_judges_appointed_by_Joe_Biden#cite_note-Kelley-72","[","]","September 14, 2021","52–44","","","","","September 15, 2021","Incumbent","–"
"8","Margaret Strickland","https://en.wikipedia.org/wiki/Margaret_Strickland_(judge)","D.N.M.","https://en.wikipedia.org/wiki/United_States_District_Court_for_the_District_of_New_Mexico","April 19, 2021","D 8","https://en.wikipedia.org/wiki/List_of_federal_judges_appointed_by_Joe_Biden#cite_note-Strickland-73","[","]","September 21, 2021","52–45","","","","","October 22, 2021","Incumbent","–"
"9","Florence Y. Pan","https://en.wikipedia.org/wiki/Florence_Y._Pan","D.D.C.","https://en.wikipedia.org/wiki/United_States_District_Court_for_the_District_of_Columbia","June 15, 2021","Rn 7","https://en.wikipedia.org/wiki/List_of_federal_judges_appointed_by_Joe_Biden#cite_note-Pan-74","[","]","September 23, 2021","68–30","D 9","https://en.wikipedia.org/wiki/List_of_federal_judges_appointed_by_Joe_Biden#cite_note-Pan-75","[","]","September 23, 2021","Elevated","September 28, 2022"
"10","Lauren J. King","https://en.wikipedia.org/wiki/Lauren_J._King","W.D. Wash.","https://en.wikipedia.org/wiki/United_States_District_Court_for_the_Western_District_of_Washington","May 12, 2021","D 10","https://en.wikipedia.org/wiki/List_of_federal_judges_appointed_by_Joe_Biden#cite_note-King-76","[","]","October 5, 2021","55–44","","","","","December 7, 2021","Incumbent","–"
"11","Sarah A. L. Merriam","https://en.wikipedia.org/wiki/Sarah_A._L._Merriam","D. Conn.","https://en.wikipedia.org/wiki/United_States_District_Court_for_the_District_of_Connecticut","June 15, 2021","D 11","https://en.wikipedia.org/wiki/List_of_federal_judges_appointed_by_Joe_Biden#cite_note-Merriam-77","[","]","October 6, 2021","54–46","","","","","October 8, 2021","Elevated","September 28, 2022"
"12","Christine O'Hearn","https://en.wikipedia.org/wiki/Christine_O%27Hearn","D.N.J.","https://en.wikipedia.org/wiki/United_States_District_Court_for_the_District_of_New_Jersey","April 29, 2021","D 12","https://en.wikipedia.org/wiki/List_of_federal_judges_appointed_by_Joe_Biden#cite_note-O'Hearn-78","[","]","October 19, 2021","53–44","","","","","October 22, 2021","Incumbent","–"
"13","Tana Lin","https://en.wikipedia.org/wiki/Tana_Lin","W.D. Wash.","https://en.wikipedia.org/wiki/United_States_District_Court_for_the_Western_District_of_Washington","April 29, 2021","D 13","https://en.wikipedia.org/wiki/List_of_federal_judges_appointed_by_Joe_Biden#cite_note-Lin-79","[","]","October 21, 2021","52–45","","","","","November 23, 2021","Incumbent","–"
"14","Jia M. Cobb","https://en.wikipedia.org/wiki/Jia_M._Cobb","D.D.C.","https://en.wikipedia.org/wiki/United_States_District_Court_for_the_District_of_Columbia","June 15, 2021","D 14","https://en.wikipedia.org/wiki/List_of_federal_judges_appointed_by_Joe_Biden#cite_note-Cobb-80","[","]","October 26, 2021","52–45","","","","","November 12, 2021","Incumbent","–"
"15","Karen M. Williams","https://en.wikipedia.org/wiki/Karen_M._Williams","D.N.J.","https://en.wikipedia.org/wiki/United_States_District_Court_for_the_District_of_New_Jersey","May 12, 2021","D 15","https://en.wikipedia.org/wiki/List_of_federal_judges_appointed_by_Joe_Biden#cite_note-Williams,_Karen-81","[","]","October 26, 2021","56–38","","","","","November 1, 2021","Incumbent","–"
"16","Patricia Tolliver Giles","https://en.wikipedia.org/wiki/Patricia_Tolliver_Giles","E.D. Va.","https://en.wikipedia.org/wiki/United_States_District_Court_for_the_Eastern_District_of_Virginia","July 13, 2021","D 16","https://en.wikipedia.org/wiki/List_of_federal_judges_appointed_by_Joe_Biden#cite_note-Giles-82","[","]","October 26, 2021","68–27","","","","","November 1, 2021","Incumbent","–"
"17","Michael S. Nachmanoff","https://en.wikipedia.org/wiki/Michael_S._Nachmanoff","E.D. Va.","https://en.wikipedia.org/wiki/United_States_District_Court_for_the_Eastern_District_of_Virginia","July 13, 2021","D 17","https://en.wikipedia.org/wiki/List_of_federal_judges_appointed_by_Joe_Biden#cite_note-Nachmanoff-83","[","]","October 27, 2021","52–46","","","","","November 2, 2021","Incumbent","–"
"18","Sarala Nagala","https://en.wikipedia.org/wiki/Sarala_Nagala","D. Conn.","https://en.wikipedia.org/wiki/United_States_District_Court_for_the_District_of_Connecticut","June 15, 2021","D 18","https://en.wikipedia.org/wiki/List_of_federal_judges_appointed_by_Joe_Biden#cite_note-Nagala-84","[","]","October 27, 2021","52–46","","","","","November 2, 2021","Incumbent","–"
"19","Omar A. Williams","https://en.wikipedia.org/wiki/Omar_A._Williams","D. Conn.","https://en.wikipedia.org/wiki/United_States_District_Court_for_the_District_of_Connecticut","June 15, 2021","D 19","https://en.wikipedia.org/wiki/List_of_federal_judges_appointed_by_Joe_Biden#cite_note-Williams,_Omar-85","[","]","October 28, 2021","52–46","","","","","November 12, 2021","Incumbent","–"
"20","Samantha D. Elliott","https://en.wikipedia.org/wiki/Samantha_D._Elliott","D.N.H.","https://en.wikipedia.org/wiki/United_States_District_Court_for_the_District_of_New_Hampshire","September 30, 2021","D 20","https://en.wikipedia.org/wiki/List_of_federal_judges_appointed_by_Joe_Biden#cite_note-Elliott-86","[","]","December 15, 2021","62–37","","","","","December 21, 2021","Incumbent","–"
"21","Linda Lopez","https://en.wikipedia.org/wiki/Linda_Lopez_(judge)","S.D. Cal.","https://en.wikipedia.org/wiki/United_States_District_Court_for_the_Southern_District_of_California","September 30, 2021","D 21","https://en.wikipedia.org/wiki/List_of_federal_judges_appointed_by_Joe_Biden#cite_note-Lopez-87","[","]","December 17, 2021","48–25","","","","","December 21, 2021","Incumbent","–"
"22","Jinsook Ohta","https://en.wikipedia.org/wiki/Jinsook_Ohta","S.D. Cal.","https://en.wikipedia.org/wiki/United_States_District_Court_for_the_Southern_District_of_California","September 30, 2021","D 22","https://en.wikipedia.org/wiki/List_of_federal_judges_appointed_by_Joe_Biden#cite_note-Ohta-88","[","]","December 17, 2021","47–24","","","","","December 27, 2021","Incumbent","–"
"23","David H. Urias","https://en.wikipedia.org/wiki/David_H._Urias","D.N.M.","https://en.wikipedia.org/wiki/United_States_District_Court_for_the_District_of_New_Mexico","September 20, 2021","D 23","https://en.wikipedia.org/wiki/List_of_federal_judges_appointed_by_Joe_Biden#cite_note-Urias-89","[","]","December 17, 2021","45–26","","","","","January 14, 2022","Incumbent","–"
"24","Maame Frimpong","https://en.wikipedia.org/wiki/Maame_Ewusi-Mensah_Frimpong","C.D. Cal.","https://en.wikipedia.org/wiki/United_States_District_Court_for_the_Central_District_of_California","September 20, 2021","D 24","https://en.wikipedia.org/wiki/List_of_federal_judges_appointed_by_Joe_Biden#cite_note-Frimpong-90","[","]","December 17, 2021","46–24","","","","","February 7, 2022","Incumbent","–"
"25","Jane M. Beckering","https://en.wikipedia.org/wiki/Jane_M._Beckering","W.D. Mich.","https://en.wikipedia.org/wiki/United_States_District_Court_for_the_Western_District_of_Michigan","July 13, 2021","D 25","https://en.wikipedia.org/wiki/List_of_federal_judges_appointed_by_Joe_Biden#cite_note-Beckering-91","[","]","December 17, 2021","45–25","","","","","December 21, 2021","Incumbent","–"
"26","Shalina D. Kumar","https://en.wikipedia.org/wiki/Shalina_D._Kumar","E.D. Mich.","https://en.wikipedia.org/wiki/United_States_District_Court_for_the_Eastern_District_of_Michigan","July 13, 2021","D 26","https://en.wikipedia.org/wiki/List_of_federal_judges_appointed_by_Joe_Biden#cite_note-Kumar-92","[","]","December 17, 2021","44–25","","","","","December 21, 2021","Incumbent","–"
"27","Jennifer L. Thurston","https://en.wikipedia.org/wiki/Jennifer_L._Thurston","E.D. Cal.","https://en.wikipedia.org/wiki/United_States_District_Court_for_the_Eastern_District_of_California","September 20, 2021","D 27","https://en.wikipedia.org/wiki/List_of_federal_judges_appointed_by_Joe_Biden#cite_note-Thurston-93","[","]","December 17, 2021","46–24","","","","","December 27, 2021","Incumbent","–"
"28","Katherine M. Menendez","https://en.wikipedia.org/wiki/Katherine_M._Menendez","D. Minn.","https://en.wikipedia.org/wiki/United_States_District_Court_for_the_District_of_Minnesota","September 20, 2021","D 28","https://en.wikipedia.org/wiki/List_of_federal_judges_appointed_by_Joe_Biden#cite_note-Menendez-94","[","]","December 18, 2021","49–21","","","","","December 21, 2021","Incumbent","–"
"29","Mary Dimke","https://en.wikipedia.org/wiki/Mary_Dimke","E.D. Wash.","https://en.wikipedia.org/wiki/United_States_District_Court_for_the_Eastern_District_of_Washington","August 5, 2021","D 29","https://en.wikipedia.org/wiki/List_of_federal_judges_appointed_by_Joe_Biden#cite_note-Dimke-95","[","]","December 18, 2021","47–23","","","","","December 21, 2021","Incumbent","–"
"30","Bridget M. Brennan","https://en.wikipedia.org/wiki/Bridget_M._Brennan","N.D. Ohio","https://en.wikipedia.org/wiki/United_States_District_Court_for_the_Northern_District_of_Ohio","September 30, 2021","Rn 2","https://en.wikipedia.org/wiki/List_of_federal_judges_appointed_by_Joe_Biden#cite_note-2022-01-03-28","[","]","February 1, 2022","61–35","D 30","https://en.wikipedia.org/wiki/List_of_federal_judges_appointed_by_Joe_Biden#cite_note-Brennan-96","[","]","February 8, 2022","Incumbent","–"
"31","Charles E. Fleming","https://en.wikipedia.org/wiki/Charles_E._Fleming","N.D. Ohio","https://en.wikipedia.org/wiki/United_States_District_Court_for_the_Northern_District_of_Ohio","September 30, 2021","Rn 2","https://en.wikipedia.org/wiki/List_of_federal_judges_appointed_by_Joe_Biden#cite_note-2022-01-03-28","[","]","February 1, 2022","56–42","D 31","https://en.wikipedia.org/wiki/List_of_federal_judges_appointed_by_Joe_Biden#cite_note-Fleming-97","[","]","February 8, 2022","Incumbent","–"
"32","David A. Ruiz","https://en.wikipedia.org/wiki/David_A._Ruiz","N.D. Ohio","https://en.wikipedia.org/wiki/United_States_District_Court_for_the_Northern_District_of_Ohio","September 30, 2021","Rn 2","https://en.wikipedia.org/wiki/List_of_federal_judges_appointed_by_Joe_Biden#cite_note-2022-01-03-28","[","]","February 1, 2022","62–35","D 32","https://en.wikipedia.org/wiki/List_of_federal_judges_appointed_by_Joe_Biden#cite_note-Ruiz-98","[","]","February 8, 2022","Incumbent","–"
"33","Jacqueline Scott Corley","https://en.wikipedia.org/wiki/Jacqueline_Scott_Corley","N.D. Cal.","https://en.wikipedia.org/wiki/United_States_District_Court_for_the_Northern_District_of_California","November 3, 2021","Rn 2","https://en.wikipedia.org/wiki/List_of_federal_judges_appointed_by_Joe_Biden#cite_note-2022-01-03-28","[","]","March 17, 2022","63–36","D 33","https://en.wikipedia.org/wiki/List_of_federal_judges_appointed_by_Joe_Biden#cite_note-Corley-99","[","]","March 30, 2022","Incumbent","–"
"34","Fred W. Slaughter","https://en.wikipedia.org/wiki/Fred_W._Slaughter","C.D. Cal.","https://en.wikipedia.org/wiki/United_States_District_Court_for_the_Central_District_of_California","December 15, 2021","D 34","https://en.wikipedia.org/wiki/List_of_federal_judges_appointed_by_Joe_Biden#cite_note-Slaughter-100","[","]","March 17, 2022","57–41","","","","","April 19, 2022","Incumbent","–"
"35","Ruth Bermudez Montenegro","https://en.wikipedia.org/wiki/Ruth_Bermudez_Montenegro","S.D. Cal.","https://en.wikipedia.org/wiki/United_States_District_Court_for_the_Southern_District_of_California","March 22, 2022","Rn 2","https://en.wikipedia.org/wiki/List_of_federal_judges_appointed_by_Joe_Biden#cite_note-2022-01-03-28","[","]","55–41","March 30, 2022","D 35","https://en.wikipedia.org/wiki/List_of_federal_judges_appointed_by_Joe_Biden#cite_note-Montenegro-101","[","]","–","Incumbent","November 3, 2021"
"36","Victoria Calvert","https://en.wikipedia.org/wiki/Victoria_Calvert","N.D. Ga.","https://en.wikipedia.org/wiki/United_States_District_Court_for_the_Northern_District_of_Georgia","September 30, 2021","Rn 2","https://en.wikipedia.org/wiki/List_of_federal_judges_appointed_by_Joe_Biden#cite_note-2022-01-03-28","[","]","March 22, 2022","50–46","D 36","https://en.wikipedia.org/wiki/List_of_federal_judges_appointed_by_Joe_Biden#cite_note-Calvert-102","[","]","April 5, 2022","Incumbent","–"
"37","Julie Rubin","https://en.wikipedia.org/wiki/Julie_Rubin","D. Md.","https://en.wikipedia.org/wiki/United_States_District_Court_for_the_District_of_Maryland","November 3, 2021","Rn 2","https://en.wikipedia.org/wiki/List_of_federal_judges_appointed_by_Joe_Biden#cite_note-2022-01-03-28","[","]","March 23, 2022","51–46","D 37","https://en.wikipedia.org/wiki/List_of_federal_judges_appointed_by_Joe_Biden#cite_note-Rubin-103","[","]","March 30, 2022","Incumbent","–"
"38","Hector Gonzalez","https://en.wikipedia.org/wiki/Hector_Gonzalez_(judge)","E.D.N.Y.","https://en.wikipedia.org/wiki/United_States_District_Court_for_the_Eastern_District_of_New_York","December 15, 2021","Rn 8","https://en.wikipedia.org/wiki/List_of_federal_judges_appointed_by_Joe_Biden#cite_note-Gonzalez-104","[","]","March 23, 2022","52–45","D 38","https://en.wikipedia.org/wiki/List_of_federal_judges_appointed_by_Joe_Biden#cite_note-Hector-Gonzalez-105","[","]","April 18, 2022","Incumbent","–"
"39","John H. Chun","https://en.wikipedia.org/wiki/John_H._Chun","W.D. Wash.","https://en.wikipedia.org/wiki/United_States_District_Court_for_the_Western_District_of_Washington","September 30, 2021","Rn 2","https://en.wikipedia.org/wiki/List_of_federal_judges_appointed_by_Joe_Biden#cite_note-2022-01-03-28","[","]","March 23, 2022","49–47","D 39","https://en.wikipedia.org/wiki/List_of_federal_judges_appointed_by_Joe_Biden#cite_note-Chun-106","[","]","March 30, 2022","Incumbent","–"
"40","Cristina D. Silva","https://en.wikipedia.org/wiki/Cristina_D._Silva","D. Nev.","https://en.wikipedia.org/wiki/United_States_District_Court_for_the_District_of_Nevada","November 3, 2021","Rn 2","https://en.wikipedia.org/wiki/List_of_federal_judges_appointed_by_Joe_Biden#cite_note-2022-01-03-28","[","]","March 23, 2022","50–46","D 40","https://en.wikipedia.org/wiki/List_of_federal_judges_appointed_by_Joe_Biden#cite_note-Silva-107","[","]","April 7, 2022","Incumbent","–"
"41","Anne Traum","https://en.wikipedia.org/wiki/Anne_Traum","D. Nev.","https://en.wikipedia.org/wiki/United_States_District_Court_for_the_District_of_Nevada","November 3, 2021","Rn 9","https://en.wikipedia.org/wiki/List_of_federal_judges_appointed_by_Joe_Biden#cite_note-Traum-108","[","]","March 23, 2022","49–47","D 41","https://en.wikipedia.org/wiki/List_of_federal_judges_appointed_by_Joe_Biden#cite_note-Traum-109","[","]","April 7, 2022","Incumbent","–"
"42","Sarah Geraghty","https://en.wikipedia.org/wiki/Sarah_Geraghty","N.D. Ga.","https://en.wikipedia.org/wiki/United_States_District_Court_for_the_Northern_District_of_Georgia","September 30, 2021","Rn 2","https://en.wikipedia.org/wiki/List_of_federal_judges_appointed_by_Joe_Biden#cite_note-2022-01-03-28","[","]","March 31, 2022","52–48","D 42","https://en.wikipedia.org/wiki/List_of_federal_judges_appointed_by_Joe_Biden#cite_note-Geraghty-110","[","]","April 8, 2022","Incumbent","–"
"43","Georgette Castner","https://en.wikipedia.org/wiki/Georgette_Castner","D.N.J.","https://en.wikipedia.org/wiki/United_States_District_Court_for_the_District_of_New_Jersey","November 3, 2021","Rn 2","https://en.wikipedia.org/wiki/List_of_federal_judges_appointed_by_Joe_Biden#cite_note-2022-01-03-28","[","]","March 31, 2022","52–47","D 43","https://en.wikipedia.org/wiki/List_of_federal_judges_appointed_by_Joe_Biden#cite_note-Castner-111","[","]","April 5, 2022","Incumbent","–"
"44","Sherilyn Peace Garnett","https://en.wikipedia.org/wiki/Sherilyn_Peace_Garnett","C.D. Cal.","https://en.wikipedia.org/wiki/United_States_District_Court_for_the_Central_District_of_California","December 15, 2021","D 44","https://en.wikipedia.org/wiki/List_of_federal_judges_appointed_by_Joe_Biden#cite_note-Garnett-112","[","]","April 27, 2022","62–33","","","","","June 24, 2022","Incumbent","–"
"45","Jennifer L. Rochon","https://en.wikipedia.org/wiki/Jennifer_L._Rochon","S.D.N.Y.","https://en.wikipedia.org/wiki/United_States_District_Court_for_the_Southern_District_of_New_York","December 15, 2021","D 45","https://en.wikipedia.org/wiki/List_of_federal_judges_appointed_by_Joe_Biden#cite_note-Rochon-113","[","]","May 18, 2022","51–47","","","","","June 13, 2022","Incumbent","–"
"46","Trina Thompson","https://en.wikipedia.org/wiki/Trina_Thompson","N.D. Cal.","https://en.wikipedia.org/wiki/United_States_District_Court_for_the_Northern_District_of_California","November 3, 2021","Rn 2","https://en.wikipedia.org/wiki/List_of_federal_judges_appointed_by_Joe_Biden#cite_note-2022-01-03-28","[","]","May 18, 2022","51–44","D 46","https://en.wikipedia.org/wiki/List_of_federal_judges_appointed_by_Joe_Biden#cite_note-Thompson-114","[","]","August 5, 2022","Incumbent","–"
"47","Sunshine Sykes","https://en.wikipedia.org/wiki/Sunshine_Sykes","C.D. Cal.","https://en.wikipedia.org/wiki/United_States_District_Court_for_the_Central_District_of_California","December 15, 2021","D 47","https://en.wikipedia.org/wiki/List_of_federal_judges_appointed_by_Joe_Biden#cite_note-Sykes-115","[","]","May 18, 2022","51–45","","","","","June 14, 2022","Incumbent","–"
"48","Evelyn Padin","https://en.wikipedia.org/wiki/Evelyn_Padin","D.N.J.","https://en.wikipedia.org/wiki/United_States_District_Court_for_the_District_of_New_Jersey","December 15, 2021","D 48","https://en.wikipedia.org/wiki/List_of_federal_judges_appointed_by_Joe_Biden#cite_note-Padin-116","[","]","May 25, 2022","51–43","","","","","June 24, 2022","Incumbent","–"
"49","Charlotte Sweeney","https://en.wikipedia.org/wiki/Charlotte_Sweeney","D. Colo.","https://en.wikipedia.org/wiki/United_States_District_Court_for_the_District_of_Colorado","August 5, 2021","Rn 2","https://en.wikipedia.org/wiki/List_of_federal_judges_appointed_by_Joe_Biden#cite_note-2022-01-03-28","[","]","May 25, 2022","48–46","D 49","https://en.wikipedia.org/wiki/List_of_federal_judges_appointed_by_Joe_Biden#cite_note-Sweeney-117","[","]","July 18, 2022","Incumbent","–"
"50","Nina Morrison","https://en.wikipedia.org/wiki/Nina_Morrison_(judge)","E.D.N.Y.","https://en.wikipedia.org/wiki/United_States_District_Court_for_the_Eastern_District_of_New_York","December 15, 2021","D 50","https://en.wikipedia.org/wiki/List_of_federal_judges_appointed_by_Joe_Biden#cite_note-Morrison-118","[","]","June 8, 2022","53–46","","","","","August 11, 2022","Incumbent","–"
"51","Robert S. Huie","https://en.wikipedia.org/wiki/Robert_S._Huie","S.D. Cal.","https://en.wikipedia.org/wiki/United_States_District_Court_for_the_Southern_District_of_California","January 19, 2022","D 51","https://en.wikipedia.org/wiki/List_of_federal_judges_appointed_by_Joe_Biden#cite_note-Huie-119","[","]","June 9, 2022","51–46","","","","","June 14, 2022","Incumbent","–"
"52","Ana de Alba","https://en.wikipedia.org/wiki/Ana_de_Alba","E.D. Cal.","https://en.wikipedia.org/wiki/United_States_District_Court_for_the_Eastern_District_of_California","January 19, 2022","D 52","https://en.wikipedia.org/wiki/List_of_federal_judges_appointed_by_Joe_Biden#cite_note-de_Alba-120","[","]","June 21, 2022","53–45","","","","","July 7, 2022","Elevated","November 16, 2023"
"53","Stephen H. Locher","https://en.wikipedia.org/wiki/Stephen_H._Locher","S.D. Iowa","https://en.wikipedia.org/wiki/United_States_District_Court_for_the_Southern_District_of_Iowa","April 25, 2022","D 53","https://en.wikipedia.org/wiki/List_of_federal_judges_appointed_by_Joe_Biden#cite_note-Locher-121","[","]","July 14, 2022","voice vote","","","","","July 18, 2022","Incumbent","–"
"54","Nina Y. Wang","https://en.wikipedia.org/wiki/Nina_Y._Wang","D. Colo.","https://en.wikipedia.org/wiki/United_States_District_Court_for_the_District_of_Colorado","January 19, 2022","D 54","https://en.wikipedia.org/wiki/List_of_federal_judges_appointed_by_Joe_Biden#cite_note-Wang-122","[","]","July 19, 2022","58–36","","","","","July 22, 2022","Incumbent","–"
"55","Nancy L. Maldonado","https://en.wikipedia.org/wiki/Nancy_L._Maldonado","N.D. Ill.","https://en.wikipedia.org/wiki/United_States_District_Court_for_the_Northern_District_of_Illinois","April 25, 2022","D 55","https://en.wikipedia.org/wiki/List_of_federal_judges_appointed_by_Joe_Biden#cite_note-Maldonado-123","[","]","July 19, 2022","53–45","","","","","August 10, 2022","Elevated","July 11, 2024"
"56","Gregory B. Williams","https://en.wikipedia.org/wiki/Gregory_B._Williams","D. Del.","https://en.wikipedia.org/wiki/United_States_District_Court_for_the_District_of_Delaware","April 25, 2022","D 56","https://en.wikipedia.org/wiki/List_of_federal_judges_appointed_by_Joe_Biden#cite_note-Williams,_Gregory-124","[","]","July 20, 2022","52–43","","","","","September 1, 2022","Incumbent","–"
"57","Elizabeth Hanes","https://en.wikipedia.org/wiki/Elizabeth_Hanes","E.D. Va.","https://en.wikipedia.org/wiki/United_States_District_Court_for_the_Eastern_District_of_Virginia","May 19, 2022","D 57","https://en.wikipedia.org/wiki/List_of_federal_judges_appointed_by_Joe_Biden#cite_note-Hanes-125","[","]","August 2, 2022","59–37","","","","","August 5, 2022","Incumbent","–"
"58","Jennifer H. Rearden","https://en.wikipedia.org/wiki/Jennifer_H._Rearden","S.D.N.Y.","https://en.wikipedia.org/wiki/United_States_District_Court_for_the_Southern_District_of_New_York","January 19, 2022","Rn 10","https://en.wikipedia.org/wiki/List_of_federal_judges_appointed_by_Joe_Biden#cite_note-Rearden-126","[","]","September 8, 2022","voice vote","D 58","https://en.wikipedia.org/wiki/List_of_federal_judges_appointed_by_Joe_Biden#cite_note-Rearden-127","[","]","October 7, 2022","Incumbent","–"
"59","María Antongiorgi-Jordán","https://en.wikipedia.org/wiki/Mar%C3%ADa_Antongiorgi-Jord%C3%A1n","D.P.R.","https://en.wikipedia.org/wiki/United_States_District_Court_for_the_District_of_Puerto_Rico","June 15, 2022","D 59","https://en.wikipedia.org/wiki/List_of_federal_judges_appointed_by_Joe_Biden#cite_note-Antongiorgi-Jord%C3%A1n-128","[","]","November 15, 2022","55–43","","","","","December 1, 2022","Incumbent","–"
"60","Camille Vélez-Rivé","https://en.wikipedia.org/wiki/Camille_V%C3%A9lez-Riv%C3%A9","D.P.R.","https://en.wikipedia.org/wiki/United_States_District_Court_for_the_District_of_Puerto_Rico","June 15, 2022","D 60","https://en.wikipedia.org/wiki/List_of_federal_judges_appointed_by_Joe_Biden#cite_note-V%C3%A9lez-Riv%C3%A9-129","[","]","November 30, 2022","55–42","","","","","December 9, 2022","Incumbent","–"
"61","Anne M. Nardacci","https://en.wikipedia.org/wiki/Anne_M._Nardacci","N.D.N.Y.","https://en.wikipedia.org/wiki/United_States_District_Court_for_the_Northern_District_of_New_York","May 19, 2022","D 61","https://en.wikipedia.org/wiki/List_of_federal_judges_appointed_by_Joe_Biden#cite_note-Nardacci-130","[","]","November 30, 2022","52–44","","","","","December 16, 2022","Incumbent","–"
"62","F. Kay Behm","https://en.wikipedia.org/wiki/F._Kay_Behm","E.D. Mich.","https://en.wikipedia.org/wiki/United_States_District_Court_for_the_Eastern_District_of_Michigan","July 11, 2022","D 62","https://en.wikipedia.org/wiki/List_of_federal_judges_appointed_by_Joe_Biden#cite_note-Behm-131","[","]","December 6, 2022","49–47","","","","","December 15, 2022","Incumbent","–"
"63","Kelley B. Hodge","https://en.wikipedia.org/wiki/Kelley_B._Hodge","E.D. Pa.","https://en.wikipedia.org/wiki/United_States_District_Court_for_the_Eastern_District_of_Pennsylvania","July 12, 2022","D 63","https://en.wikipedia.org/wiki/List_of_federal_judges_appointed_by_Joe_Biden#cite_note-Hodge-132","[","]","December 6, 2022","52–44","","","","","December 23, 2022","Incumbent","–"
"64","Mia Roberts Perez","https://en.wikipedia.org/wiki/Mia_Roberts_Perez","E.D. Pa.","https://en.wikipedia.org/wiki/United_States_District_Court_for_the_Eastern_District_of_Pennsylvania","July 12, 2022","D 64","https://en.wikipedia.org/wiki/List_of_federal_judges_appointed_by_Joe_Biden#cite_note-Mia_Perez-133","[","]","December 7, 2022","52–43","","","","","December 16, 2022","Incumbent","–"
"65","Kai Scott","https://en.wikipedia.org/wiki/Kai_Scott","E.D. Pa.","https://en.wikipedia.org/wiki/United_States_District_Court_for_the_Eastern_District_of_Pennsylvania","July 12, 2022","D 65","https://en.wikipedia.org/wiki/List_of_federal_judges_appointed_by_Joe_Biden#cite_note-Scott-134","[","]","December 7, 2022","50–42","","","","","January 18, 2023","Incumbent","–"
"66","John Frank Murphy","https://en.wikipedia.org/wiki/John_Frank_Murphy","E.D. Pa.","https://en.wikipedia.org/wiki/United_States_District_Court_for_the_Eastern_District_of_Pennsylvania","July 12, 2022","D 66","https://en.wikipedia.org/wiki/List_of_federal_judges_appointed_by_Joe_Biden#cite_note-Murphy-135","[","]","December 7, 2022","63–28","","","","","December 23, 2022","Incumbent","–"
"67","Jerry W. Blackwell","https://en.wikipedia.org/wiki/Jerry_W._Blackwell","D. Minn.","https://en.wikipedia.org/wiki/United_States_District_Court_for_the_District_of_Minnesota","June 15, 2022","D 67","https://en.wikipedia.org/wiki/List_of_federal_judges_appointed_by_Joe_Biden#cite_note-Blackwell-136","[","]","December 7, 2022","51–43","","","","","December 20, 2022","Incumbent","–"
"68","Jeffery P. Hopkins","https://en.wikipedia.org/wiki/Jeffery_P._Hopkins","S.D. Ohio","https://en.wikipedia.org/wiki/United_States_District_Court_for_the_Southern_District_of_Ohio","August 1, 2022","D 68","https://en.wikipedia.org/wiki/List_of_federal_judges_appointed_by_Joe_Biden#cite_note-Hopkins-137","[","]","December 8, 2022","64–32","","","","","December 16, 2022","Incumbent","–"
"69","Gina R. Méndez-Miró","https://en.wikipedia.org/wiki/Gina_R._M%C3%A9ndez-Mir%C3%B3","D.P.R.","https://en.wikipedia.org/wiki/United_States_District_Court_for_the_District_of_Puerto_Rico","June 15, 2022","Rn 3","https://en.wikipedia.org/wiki/List_of_federal_judges_appointed_by_Joe_Biden#cite_note-2023-01-03-44","[","]","February 14, 2023","54–45","D 69","https://en.wikipedia.org/wiki/List_of_federal_judges_appointed_by_Joe_Biden#cite_note-M%C3%A9ndez-Mir%C3%B3-138","[","]","February 24, 2023","Incumbent","–"
"70","Lindsay C. Jenkins","https://en.wikipedia.org/wiki/Lindsay_C._Jenkins","N.D. Ill.","https://en.wikipedia.org/wiki/United_States_District_Court_for_the_Northern_District_of_Illinois","September 19, 2022","Rn 3","https://en.wikipedia.org/wiki/List_of_federal_judges_appointed_by_Joe_Biden#cite_note-2023-01-03-44","[","]","February 14, 2023","59–40","D 70","https://en.wikipedia.org/wiki/List_of_federal_judges_appointed_by_Joe_Biden#cite_note-Jenkins-139","[","]","February 24, 2023","Incumbent","–"
"71","Matthew L. Garcia","https://en.wikipedia.org/wiki/Matthew_L._Garcia","D.N.M.","https://en.wikipedia.org/wiki/United_States_District_Court_for_the_District_of_New_Mexico","July 14, 2022","Rn 3","https://en.wikipedia.org/wiki/List_of_federal_judges_appointed_by_Joe_Biden#cite_note-2023-01-03-44","[","]","February 14, 2023","53–46","D 71","https://en.wikipedia.org/wiki/List_of_federal_judges_appointed_by_Joe_Biden#cite_note-Garcia-140","[","]","February 21, 2023","Incumbent","–"
"72","Adrienne Nelson","https://en.wikipedia.org/wiki/Adrienne_Nelson","D. Ore.","https://en.wikipedia.org/wiki/United_States_District_Court_for_the_District_of_Oregon","July 14, 2022","Rn 3","https://en.wikipedia.org/wiki/List_of_federal_judges_appointed_by_Joe_Biden#cite_note-2023-01-03-44","[","]","February 15, 2023","52–46","D 72","https://en.wikipedia.org/wiki/List_of_federal_judges_appointed_by_Joe_Biden#cite_note-Nelson-141","[","]","February 23, 2023","Incumbent","–"
"73","Ana C. Reyes","https://en.wikipedia.org/wiki/Ana_C._Reyes","D.D.C.","https://en.wikipedia.org/wiki/United_States_District_Court_for_the_District_of_Columbia","May 19, 2022","Rn 3","https://en.wikipedia.org/wiki/List_of_federal_judges_appointed_by_Joe_Biden#cite_note-2023-01-03-44","[","]","February 15, 2023","51–47","D 73","https://en.wikipedia.org/wiki/List_of_federal_judges_appointed_by_Joe_Biden#cite_note-Reyes-142","[","]","February 21, 2023","Incumbent","–"
"74","Daniel Calabretta","https://en.wikipedia.org/wiki/Daniel_Calabretta","E.D. Cal.","https://en.wikipedia.org/wiki/United_States_District_Court_for_the_Eastern_District_of_California","August 1, 2022","Rn 3","https://en.wikipedia.org/wiki/List_of_federal_judges_appointed_by_Joe_Biden#cite_note-2023-01-03-44","[","]","February 16, 2023","51–45","D 74","https://en.wikipedia.org/wiki/List_of_federal_judges_appointed_by_Joe_Biden#cite_note-Calabretta-143","[","]","February 21, 2023","Incumbent","–"
"75","Jamar K. Walker","https://en.wikipedia.org/wiki/Jamar_K._Walker","E.D. Va.","https://en.wikipedia.org/wiki/United_States_District_Court_for_the_Eastern_District_of_Virginia","July 13, 2022","Rn 3","https://en.wikipedia.org/wiki/List_of_federal_judges_appointed_by_Joe_Biden#cite_note-2023-01-03-44","[","]","February 28, 2023","52–41","D 75","https://en.wikipedia.org/wiki/List_of_federal_judges_appointed_by_Joe_Biden#cite_note-Walker-144","[","]","March 3, 2023","Incumbent","–"
"76","Jamal Whitehead","https://en.wikipedia.org/wiki/Jamal_Whitehead","W.D. Wash.","https://en.wikipedia.org/wiki/United_States_District_Court_for_the_Western_District_of_Washington","July 13, 2022","Rn 3","https://en.wikipedia.org/wiki/List_of_federal_judges_appointed_by_Joe_Biden#cite_note-2023-01-03-44","[","]","February 28, 2023","51–43","D 76","https://en.wikipedia.org/wiki/List_of_federal_judges_appointed_by_Joe_Biden#cite_note-Whitehead-145","[","]","March 14, 2023","Incumbent","–"
"77","Araceli Martínez-Olguín","https://en.wikipedia.org/wiki/Araceli_Mart%C3%ADnez-Olgu%C3%ADn","N.D. Cal.","https://en.wikipedia.org/wiki/United_States_District_Court_for_the_Northern_District_of_California","August 1, 2022","Rn 3","https://en.wikipedia.org/wiki/List_of_federal_judges_appointed_by_Joe_Biden#cite_note-2023-01-03-44","[","]","February 28, 2023","49–48","D 77","https://en.wikipedia.org/wiki/List_of_federal_judges_appointed_by_Joe_Biden#cite_note-Martinez-Olguin-146","[","]","March 3, 2023","Incumbent","–"
"78","Margaret R. Guzman","https://en.wikipedia.org/wiki/Margaret_R._Guzman","D. Mass.","https://en.wikipedia.org/wiki/United_States_District_Court_for_the_District_of_Massachusetts","July 13, 2022","Rn 3","https://en.wikipedia.org/wiki/List_of_federal_judges_appointed_by_Joe_Biden#cite_note-2023-01-03-44","[","]","March 1, 2023","49–48","D 78","https://en.wikipedia.org/wiki/List_of_federal_judges_appointed_by_Joe_Biden#cite_note-Guzman-147","[","]","March 3, 2023","Incumbent","–"
"79","Colleen Lawless","https://en.wikipedia.org/wiki/Colleen_Lawless","C.D. Ill.","https://en.wikipedia.org/wiki/United_States_District_Court_for_the_Central_District_of_Illinois","September 6, 2022","Rn 11","https://en.wikipedia.org/wiki/List_of_federal_judges_appointed_by_Joe_Biden#cite_note-2023-01-23-148","[","]","March 2, 2023","51–41","D 79","https://en.wikipedia.org/wiki/List_of_federal_judges_appointed_by_Joe_Biden#cite_note-Lawless-149","[","]","March 9, 2023","Incumbent","–"
"80","Jonathan J. C. Grey","https://en.wikipedia.org/wiki/Jonathan_J._C._Grey","E.D. Mich.","https://en.wikipedia.org/wiki/United_States_District_Court_for_the_Eastern_District_of_Michigan","September 6, 2022","Rn 11","https://en.wikipedia.org/wiki/List_of_federal_judges_appointed_by_Joe_Biden#cite_note-2023-01-23-148","[","]","March 2, 2023","49–42","D 80","https://en.wikipedia.org/wiki/List_of_federal_judges_appointed_by_Joe_Biden#cite_note-Grey-150","[","]","March 9, 2023","Incumbent","–"
"81","Robert S. Ballou","https://en.wikipedia.org/wiki/Robert_S._Ballou","W.D. Va.","https://en.wikipedia.org/wiki/United_States_District_Court_for_the_Western_District_of_Virginia","July 13, 2022","Rn 11","https://en.wikipedia.org/wiki/List_of_federal_judges_appointed_by_Joe_Biden#cite_note-2023-01-23-148","[","]","March 7, 2023","59–37","D 81","https://en.wikipedia.org/wiki/List_of_federal_judges_appointed_by_Joe_Biden#cite_note-Ballou-151","[","]","March 9, 2023","Incumbent","–"
"82","Andrew G. Schopler","https://en.wikipedia.org/wiki/Andrew_G._Schopler","S.D. Cal.","https://en.wikipedia.org/wiki/United_States_District_Court_for_the_Southern_District_of_California","July 14, 2022","Rn 11","https://en.wikipedia.org/wiki/List_of_federal_judges_appointed_by_Joe_Biden#cite_note-2023-01-23-148","[","]","March 7, 2023","56–39","D 82","https://en.wikipedia.org/wiki/List_of_federal_judges_appointed_by_Joe_Biden#cite_note-Schopler-152","[","]","March 10, 2023","Incumbent","–"
"83","Arun Subramanian","https://en.wikipedia.org/wiki/Arun_Subramanian","S.D.N.Y.","https://en.wikipedia.org/wiki/United_States_District_Court_for_the_Southern_District_of_New_York","September 6, 2022","Rn 11","https://en.wikipedia.org/wiki/List_of_federal_judges_appointed_by_Joe_Biden#cite_note-2023-01-23-148","[","]","March 7, 2023","59–37","D 83","https://en.wikipedia.org/wiki/List_of_federal_judges_appointed_by_Joe_Biden#cite_note-Subramanian-153","[","]","April 13, 2023","Incumbent","–"
"84","James E. Simmons Jr.","https://en.wikipedia.org/wiki/James_E._Simmons_Jr.","S.D. Cal.","https://en.wikipedia.org/wiki/United_States_District_Court_for_the_Southern_District_of_California","July 14, 2022","Rn 11","https://en.wikipedia.org/wiki/List_of_federal_judges_appointed_by_Joe_Biden#cite_note-2023-01-23-148","[","]","March 9, 2023","51–43","D 84","https://en.wikipedia.org/wiki/List_of_federal_judges_appointed_by_Joe_Biden#cite_note-Simmons-154","[","]","March 10, 2023","Incumbent","–"
"85","Jessica G. L. Clarke","https://en.wikipedia.org/wiki/Jessica_G._L._Clarke","S.D.N.Y.","https://en.wikipedia.org/wiki/United_States_District_Court_for_the_Southern_District_of_New_York","December 15, 2021","Rn 3","https://en.wikipedia.org/wiki/List_of_federal_judges_appointed_by_Joe_Biden#cite_note-2023-01-03-44","[","]","March 16, 2023","48–43","D 85","https://en.wikipedia.org/wiki/List_of_federal_judges_appointed_by_Joe_Biden#cite_note-Clarke-155","[","]","April 20, 2023","Incumbent","–"
"86","Gordon Gallagher","https://en.wikipedia.org/wiki/Gordon_Gallagher","D. Colo.","https://en.wikipedia.org/wiki/United_States_District_Court_for_the_District_of_Colorado","September 6, 2022","Rn 11","https://en.wikipedia.org/wiki/List_of_federal_judges_appointed_by_Joe_Biden#cite_note-2023-01-23-148","[","]","March 22, 2023","53–43","D 86","https://en.wikipedia.org/wiki/List_of_federal_judges_appointed_by_Joe_Biden#cite_note-Gallagher-156","[","]","March 24, 2023","Incumbent","–"
"87","Matthew P. Brookman","https://en.wikipedia.org/wiki/Matthew_P._Brookman","S.D. Ind.","https://en.wikipedia.org/wiki/United_States_District_Court_for_the_Southern_District_of_Indiana","January 3, 2023","D 87","https://en.wikipedia.org/wiki/List_of_federal_judges_appointed_by_Joe_Biden#cite_note-Brookman-157","[","]","March 29, 2023","voice vote","","","","","March 31, 2023","Incumbent","–"
"88","Michael E. Farbiarz","https://en.wikipedia.org/wiki/Michael_E._Farbiarz","D.N.J.","https://en.wikipedia.org/wiki/United_States_District_Court_for_the_District_of_New_Jersey","January 3, 2023","D 88","https://en.wikipedia.org/wiki/List_of_federal_judges_appointed_by_Joe_Biden#cite_note-Farbiarz-158","[","]","May 2, 2023","65–34","","","","","May 5, 2023","Incumbent","–"
"89","Robert Kirsch","https://en.wikipedia.org/wiki/Robert_Kirsch_(judge)","D.N.J.","https://en.wikipedia.org/wiki/United_States_District_Court_for_the_District_of_New_Jersey","January 3, 2023","D 89","https://en.wikipedia.org/wiki/List_of_federal_judges_appointed_by_Joe_Biden#cite_note-Kirsch-159","[","]","May 2, 2023","57–42","","","","","May 8, 2023","Incumbent","–"
"90","Orelia Merchant","https://en.wikipedia.org/wiki/Orelia_Merchant","E.D.N.Y.","https://en.wikipedia.org/wiki/United_States_District_Court_for_the_Eastern_District_of_New_York","September 6, 2022","Rn 11","https://en.wikipedia.org/wiki/List_of_federal_judges_appointed_by_Joe_Biden#cite_note-2023-01-23-148","[","]","May 3, 2023","51–48","D 90","https://en.wikipedia.org/wiki/List_of_federal_judges_appointed_by_Joe_Biden#cite_note-Merchant%22-160","[","]","May 12, 2023","Incumbent","–"
"91","Wesley Hsu","https://en.wikipedia.org/wiki/Wesley_Hsu","C.D. Cal.","https://en.wikipedia.org/wiki/United_States_District_Court_for_the_Central_District_of_California","January 23, 2023","D 91","https://en.wikipedia.org/wiki/List_of_federal_judges_appointed_by_Joe_Biden#cite_note-Hsu%22-161","[","]","May 3, 2023","53–43","","","","","May 12, 2023","Incumbent","–"
"92","LaShonda A. Hunt","https://en.wikipedia.org/wiki/LaShonda_A._Hunt","N.D. Ill.","https://en.wikipedia.org/wiki/United_States_District_Court_for_the_Northern_District_of_Illinois","January 31, 2023","D 92","https://en.wikipedia.org/wiki/List_of_federal_judges_appointed_by_Joe_Biden#cite_note-Hunt%22-162","[","]","May 4, 2023","56–41","","","","","May 26, 2023","Incumbent","–"
"93","Amanda Brailsford","https://en.wikipedia.org/wiki/Amanda_Brailsford","D. Idaho","https://en.wikipedia.org/wiki/United_States_District_Court_for_the_District_of_Idaho","January 31, 2023","D 93","https://en.wikipedia.org/wiki/List_of_federal_judges_appointed_by_Joe_Biden#cite_note-Brailsford%22-163","[","]","May 4, 2023","voice vote","","","","","May 17, 2023","Incumbent","–"
"94","Jeremy C. Daniel","https://en.wikipedia.org/wiki/Jeremy_C._Daniel","N.D. Ill.","https://en.wikipedia.org/wiki/United_States_District_Court_for_the_Northern_District_of_Illinois","March 21, 2023","D 94","https://en.wikipedia.org/wiki/List_of_federal_judges_appointed_by_Joe_Biden#cite_note-Daniel%22-164","[","]","May 17, 2023","56–40","","","","","June 6, 2023","Incumbent","–"
"95","Darrel J. Papillion","https://en.wikipedia.org/wiki/Darrel_J._Papillion","E.D. La.","https://en.wikipedia.org/wiki/United_States_District_Court_for_the_Eastern_District_of_Louisiana","March 21, 2023","D 95","https://en.wikipedia.org/wiki/List_of_federal_judges_appointed_by_Joe_Biden#cite_note-Papillion%22-165","[","]","May 30, 2023","59–31","","","","","June 1, 2023","Incumbent","–"
"96","Hernán D. Vera","https://en.wikipedia.org/wiki/Hern%C3%A1n_D._Vera","C.D. Cal.","https://en.wikipedia.org/wiki/United_States_District_Court_for_the_Central_District_of_California","September 20, 2021","Rn 12","https://en.wikipedia.org/wiki/List_of_federal_judges_appointed_by_Joe_Biden#cite_note-Ho-Vera-166","[","]","June 13, 2023","51–48","D 96","https://en.wikipedia.org/wiki/List_of_federal_judges_appointed_by_Joe_Biden#cite_note-Vera%22-167","[","]","June 15, 2023","Incumbent","–"
"97","P. Casey Pitts","https://en.wikipedia.org/wiki/P._Casey_Pitts","N.D. Cal.","https://en.wikipedia.org/wiki/United_States_District_Court_for_the_Northern_District_of_California","September 6, 2022","Rn 11","https://en.wikipedia.org/wiki/List_of_federal_judges_appointed_by_Joe_Biden#cite_note-2023-01-23-148","[","]","June 14, 2023","53–46","D 97","https://en.wikipedia.org/wiki/List_of_federal_judges_appointed_by_Joe_Biden#cite_note-Pitts%22-168","[","]","July 7, 2023","Incumbent","–"
"98","Dale Ho","https://en.wikipedia.org/wiki/Dale_Ho","S.D.N.Y.","https://en.wikipedia.org/wiki/United_States_District_Court_for_the_Southern_District_of_New_York","September 30, 2021","Rn 12","https://en.wikipedia.org/wiki/List_of_federal_judges_appointed_by_Joe_Biden#cite_note-Ho-Vera-166","[","]","June 14, 2023","50–49","D 98","https://en.wikipedia.org/wiki/List_of_federal_judges_appointed_by_Joe_Biden#cite_note-Ho-169","[","]","August 18, 2023","Incumbent","–"
"99","Nusrat Jahan Choudhury","https://en.wikipedia.org/wiki/Nusrat_Jahan_Choudhury","E.D.N.Y.","https://en.wikipedia.org/wiki/United_States_District_Court_for_the_Eastern_District_of_New_York","January 19, 2022","Rn 3","https://en.wikipedia.org/wiki/List_of_federal_judges_appointed_by_Joe_Biden#cite_note-2023-01-03-44","[","]","June 15, 2023","50–49","D 99","https://en.wikipedia.org/wiki/List_of_federal_judges_appointed_by_Joe_Biden#cite_note-Choudhury-170","[","]","July 5, 2023","Incumbent","–"
"100","Natasha C. Merle","https://en.wikipedia.org/wiki/Natasha_C._Merle","E.D.N.Y.","https://en.wikipedia.org/wiki/United_States_District_Court_for_the_Eastern_District_of_New_York","January 19, 2022","Rn 3","https://en.wikipedia.org/wiki/List_of_federal_judges_appointed_by_Joe_Biden#cite_note-2023-01-03-44","[","]","June 21, 2023","50–49","D 100","https://en.wikipedia.org/wiki/List_of_federal_judges_appointed_by_Joe_Biden#cite_note-Merle-171","[","]","August 11, 2023","Incumbent","–"
"101","Kymberly Evanson","https://en.wikipedia.org/wiki/Kymberly_Evanson","W.D. Wash.","https://en.wikipedia.org/wiki/United_States_District_Court_for_the_Western_District_of_Washington","July 13, 2022","Rn 11","https://en.wikipedia.org/wiki/List_of_federal_judges_appointed_by_Joe_Biden#cite_note-2023-01-23-148","[","]","July 11, 2023","50–42","D 101","https://en.wikipedia.org/wiki/List_of_federal_judges_appointed_by_Joe_Biden#cite_note-Evanson-172","[","]","July 18, 2023","Incumbent","–"
"102","Tiffany Cartwright","https://en.wikipedia.org/wiki/Tiffany_Cartwright","W.D. Wash.","https://en.wikipedia.org/wiki/United_States_District_Court_for_the_Western_District_of_Washington","January 19, 2022","Rn 3","https://en.wikipedia.org/wiki/List_of_federal_judges_appointed_by_Joe_Biden#cite_note-2023-01-03-44","[","]","July 12, 2023","50–47","D 102","https://en.wikipedia.org/wiki/List_of_federal_judges_appointed_by_Joe_Biden#cite_note-Cartwright-173","[","]","July 18, 2023","Incumbent","–"
"103","Myong J. Joun","https://en.wikipedia.org/wiki/Myong_J._Joun","D. Mass.","https://en.wikipedia.org/wiki/United_States_District_Court_for_the_District_of_Massachusetts","August 1, 2022","Rn 11","https://en.wikipedia.org/wiki/List_of_federal_judges_appointed_by_Joe_Biden#cite_note-2023-01-23-148","[","]","July 12, 2023","52–46","D 103","https://en.wikipedia.org/wiki/List_of_federal_judges_appointed_by_Joe_Biden#cite_note-Joun-174","[","]","July 14, 2023","Incumbent","–"
"104","Jeffrey Cummings","https://en.wikipedia.org/wiki/Jeffrey_Cummings","N.D. Ill.","https://en.wikipedia.org/wiki/United_States_District_Court_for_the_Northern_District_of_Illinois","January 31, 2023","D 104","https://en.wikipedia.org/wiki/List_of_federal_judges_appointed_by_Joe_Biden#cite_note-Cummings-175","[","]","September 12, 2023","50–45","","","","","October 10, 2023","Incumbent","–"
"105","Vernon D. Oliver","https://en.wikipedia.org/wiki/Vernon_D._Oliver","D. Conn.","https://en.wikipedia.org/wiki/United_States_District_Court_for_the_District_of_Connecticut","May 4, 2023","D 105","https://en.wikipedia.org/wiki/List_of_federal_judges_appointed_by_Joe_Biden#cite_note-Oliver-176","[","]","September 19, 2023","53–44","","","","","October 18, 2023","Incumbent","–"
"106","Rita F. Lin","https://en.wikipedia.org/wiki/Rita_F._Lin","N.D. Cal.","https://en.wikipedia.org/wiki/United_States_District_Court_for_the_Northern_District_of_California","August 1, 2022","Rn 11","https://en.wikipedia.org/wiki/List_of_federal_judges_appointed_by_Joe_Biden#cite_note-2023-01-23-148","[","]","September 19, 2023","52–45","D 106","https://en.wikipedia.org/wiki/List_of_federal_judges_appointed_by_Joe_Biden#cite_note-Lin1-177","[","]","October 4, 2023","Incumbent","–"
"107","Brendan A. Hurson","https://en.wikipedia.org/wiki/Brendan_A._Hurson","D. Md.","https://en.wikipedia.org/wiki/United_States_District_Court_for_the_District_of_Maryland","March 21, 2023","D 107","https://en.wikipedia.org/wiki/List_of_federal_judges_appointed_by_Joe_Biden#cite_note-Hurson-178","[","]","October 4, 2023","53–44","","","","","October 6, 2023","Incumbent","–"
"108","Susan K. DeClercq","https://en.wikipedia.org/wiki/Susan_K._DeClercq","E.D. Mich.","https://en.wikipedia.org/wiki/United_States_District_Court_for_the_Eastern_District_of_Michigan","May 4, 2023","D 108","https://en.wikipedia.org/wiki/List_of_federal_judges_appointed_by_Joe_Biden#cite_note-DeClercq-179","[","]","October 4, 2023","52–42","","","","","November 9, 2023","Incumbent","–"
"109","Jennifer L. Hall","https://en.wikipedia.org/wiki/Jennifer_L._Hall","D. Del.","https://en.wikipedia.org/wiki/United_States_District_Court_for_the_District_of_Delaware","July 11, 2023","D 109","https://en.wikipedia.org/wiki/List_of_federal_judges_appointed_by_Joe_Biden#cite_note-Hall-180","[","]","October 17, 2023","67–29","","","","","January 4, 2024","Incumbent","–"
"110","Julia K. Munley","https://en.wikipedia.org/wiki/Julia_K._Munley","M.D. Pa.","https://en.wikipedia.org/wiki/United_States_District_Court_for_the_Middle_District_of_Pennsylvania","May 4, 2023","D 110","https://en.wikipedia.org/wiki/List_of_federal_judges_appointed_by_Joe_Biden#cite_note-Munley%22-181","[","]","October 17, 2023","52–45","","","","","November 7, 2023","Incumbent","–"
"111","Matthew J. Maddox","https://en.wikipedia.org/wiki/Matthew_J._Maddox","D. Md.","https://en.wikipedia.org/wiki/United_States_District_Court_for_the_District_of_Maryland","March 21, 2023","D 111","https://en.wikipedia.org/wiki/List_of_federal_judges_appointed_by_Joe_Biden#cite_note-Maddox-182","[","]","October 31, 2023","55–42","","","","","November 3, 2023","Incumbent","–"
"112","Kenly Kiya Kato","https://en.wikipedia.org/wiki/Kenly_Kiya_Kato","C.D. Cal.","https://en.wikipedia.org/wiki/United_States_District_Court_for_the_Central_District_of_California","December 15, 2021","Rn 3","https://en.wikipedia.org/wiki/List_of_federal_judges_appointed_by_Joe_Biden#cite_note-2023-01-03-44","[","]","November 7, 2023","51–46","D 112","https://en.wikipedia.org/wiki/List_of_federal_judges_appointed_by_Joe_Biden#cite_note-Kato-183","[","]","November 17, 2023","Incumbent","–"
"113","Julia Kobick","https://en.wikipedia.org/wiki/Julia_Kobick","D. Mass.","https://en.wikipedia.org/wiki/United_States_District_Court_for_the_District_of_Massachusetts","August 1, 2022","Rn 11","https://en.wikipedia.org/wiki/List_of_federal_judges_appointed_by_Joe_Biden#cite_note-2023-01-23-148","[","]","November 7, 2023","52–46","D 113","https://en.wikipedia.org/wiki/List_of_federal_judges_appointed_by_Joe_Biden#cite_note-Kobick-184","[","]","November 13, 2023","Incumbent","–"
"114","Ramon Reyes","https://en.wikipedia.org/wiki/Ramon_Reyes","E.D.N.Y.","https://en.wikipedia.org/wiki/United_States_District_Court_for_the_Eastern_District_of_New_York","September 6, 2022","Rn 11","https://en.wikipedia.org/wiki/List_of_federal_judges_appointed_by_Joe_Biden#cite_note-2023-01-23-148","[","]","November 8, 2023","51–48","D 114","https://en.wikipedia.org/wiki/List_of_federal_judges_appointed_by_Joe_Biden#cite_note-Ramon_Reyes-185","[","]","November 13, 2023","Incumbent","–"
"115","Mónica Ramírez Almadani","https://en.wikipedia.org/wiki/M%C3%B3nica_Ram%C3%ADrez_Almadani","C.D. Cal.","https://en.wikipedia.org/wiki/United_States_District_Court_for_the_Central_District_of_California","January 23, 2023","D 115","https://en.wikipedia.org/wiki/List_of_federal_judges_appointed_by_Joe_Biden#cite_note-Ramirez_Almadani-186","[","]","November 9, 2023","51–44","","","","","November 21, 2023","Incumbent","–"
"116","Brandy R. McMillion","https://en.wikipedia.org/wiki/Brandy_R._McMillion","E.D. Mich.","https://en.wikipedia.org/wiki/United_States_District_Court_for_the_Eastern_District_of_Michigan","July 11, 2023","D 116","https://en.wikipedia.org/wiki/List_of_federal_judges_appointed_by_Joe_Biden#cite_note-McMillion-187","[","]","November 9, 2023","53–42","","","","","November 13, 2023","Incumbent","–"
"117","Jeffrey Bryan","https://en.wikipedia.org/wiki/Jeffrey_Bryan","D. Minn.","https://en.wikipedia.org/wiki/United_States_District_Court_for_the_District_of_Minnesota","July 27, 2023","D 117","https://en.wikipedia.org/wiki/List_of_federal_judges_appointed_by_Joe_Biden#cite_note-Bryan-188","[","]","November 28, 2023","49–46","","","","","November 30, 2023","Incumbent","–"
"118","Margaret Garnett","https://en.wikipedia.org/wiki/Margaret_Garnett","S.D.N.Y.","https://en.wikipedia.org/wiki/United_States_District_Court_for_the_Southern_District_of_New_York","July 11, 2023","D 118","https://en.wikipedia.org/wiki/List_of_federal_judges_appointed_by_Joe_Biden#cite_note-M.Garnett-189","[","]","November 28, 2023","49–46","","","","","January 9, 2024","Incumbent","–"
"119","Micah W. J. Smith","https://en.wikipedia.org/wiki/Micah_W._J._Smith","D. Haw.","https://en.wikipedia.org/wiki/United_States_District_Court_for_the_District_of_Hawaii","September 11, 2023","D 119","https://en.wikipedia.org/wiki/List_of_federal_judges_appointed_by_Joe_Biden#cite_note-Smith-190","[","]","November 29, 2023","57–41","","","","","January 31, 2024","Incumbent","–"
"120","Jamel K. Semper","https://en.wikipedia.org/wiki/Jamel_K._Semper","D.N.J.","https://en.wikipedia.org/wiki/United_States_District_Court_for_the_District_of_New_Jersey","September 18, 2023","D 120","https://en.wikipedia.org/wiki/List_of_federal_judges_appointed_by_Joe_Biden#cite_note-Semper-191","[","]","November 29, 2023","54–44","","","","","December 1, 2023","Incumbent","–"
"121","Shanlyn A. S. Park","https://en.wikipedia.org/wiki/Shanlyn_A._S._Park","D. Haw.","https://en.wikipedia.org/wiki/United_States_District_Court_for_the_District_of_Hawaii","September 27, 2023","D 121","https://en.wikipedia.org/wiki/List_of_federal_judges_appointed_by_Joe_Biden#cite_note-Park-192","[","]","November 30, 2023","53–45","","","","","October 15, 2024","Incumbent","–"
"122","Loren AliKhan","https://en.wikipedia.org/wiki/Loren_AliKhan","D.D.C.","https://en.wikipedia.org/wiki/United_States_District_Court_for_the_District_of_Columbia","May 4, 2023","D 122","https://en.wikipedia.org/wiki/List_of_federal_judges_appointed_by_Joe_Biden#cite_note-AliKhan-193","[","]","December 5, 2023","51–50","","","","","December 13, 2023","Incumbent","–"
"123","Jerry Edwards Jr.","https://en.wikipedia.org/wiki/Jerry_Edwards_Jr.","W.D. La.","https://en.wikipedia.org/wiki/United_States_District_Court_for_the_Western_District_of_Louisiana","June 8, 2023","D 123","https://en.wikipedia.org/wiki/List_of_federal_judges_appointed_by_Joe_Biden#cite_note-Edwards_Jr.-194","[","]","December 14, 2023","66–24","","","","","December 22, 2023","Incumbent","–"
"124","Brandon Scott Long","https://en.wikipedia.org/wiki/Brandon_Scott_Long","E.D. La.","https://en.wikipedia.org/wiki/United_States_District_Court_for_the_Eastern_District_of_Louisiana","June 8, 2023","D 124","https://en.wikipedia.org/wiki/List_of_federal_judges_appointed_by_Joe_Biden#cite_note-Long-195","[","]","December 14, 2023","64–22","","","","","December 19, 2023","Incumbent","–"
"125","Sara E. Hill","https://en.wikipedia.org/wiki/Sara_E._Hill","N.D. Okla.","https://en.wikipedia.org/wiki/United_States_District_Court_for_the_Northern_District_of_Oklahoma","October 24, 2023","D 125","https://en.wikipedia.org/wiki/List_of_federal_judges_appointed_by_Joe_Biden#cite_note-Hill-196","[","]","December 19, 2023","52–14","","","","","January 2, 2024","Incumbent","–"
"126","John D. Russell","https://en.wikipedia.org/wiki/John_D._Russell_(judge)","N.D. Okla.","https://en.wikipedia.org/wiki/United_States_District_Court_for_the_Northern_District_of_Oklahoma","October 24, 2023","D 126","https://en.wikipedia.org/wiki/List_of_federal_judges_appointed_by_Joe_Biden#cite_note-J._Russell-197","[","]","December 19, 2023","voice vote","","","","","January 4, 2024","Incumbent","–"
"127","John A. Kazen","https://en.wikipedia.org/wiki/John_A._Kazen","S.D. Tex.","https://en.wikipedia.org/wiki/United_States_District_Court_for_the_Southern_District_of_Texas","September 11, 2023","D 127","https://en.wikipedia.org/wiki/List_of_federal_judges_appointed_by_Joe_Biden#cite_note-Kazen-198","[","]","January 9, 2024","83–14","","","","","January 12, 2024","Incumbent","–"
"128","Kato Crews","https://en.wikipedia.org/wiki/Kato_Crews","D. Colo.","https://en.wikipedia.org/wiki/United_States_District_Court_for_the_District_of_Colorado","February 27, 2023","D 128","https://en.wikipedia.org/wiki/List_of_federal_judges_appointed_by_Joe_Biden#cite_note-Crews-199","[","]","January 10, 2024","51–48","","","","","January 12, 2024","Incumbent","–"
"129","Jacquelyn D. Austin","https://en.wikipedia.org/wiki/Jacquelyn_D._Austin","D.S.C.","https://en.wikipedia.org/wiki/United_States_District_Court_for_the_District_of_South_Carolina","November 6, 2023","D 129","https://en.wikipedia.org/wiki/List_of_federal_judges_appointed_by_Joe_Biden#cite_note-Austin-200","[","]","January 24, 2024","80–17","","","","","January 29, 2024","Incumbent","–"
"130","Cristal C. Brisco","https://en.wikipedia.org/wiki/Cristal_C._Brisco","N.D. Ind.","https://en.wikipedia.org/wiki/United_States_District_Court_for_the_Northern_District_of_Indiana","November 27, 2023","Rn 4","https://en.wikipedia.org/wiki/List_of_federal_judges_appointed_by_Joe_Biden#cite_note-2024-01-08-56","[","]","January 24, 2024","67–32","D 130","https://en.wikipedia.org/wiki/List_of_federal_judges_appointed_by_Joe_Biden#cite_note-Brisco-201","[","]","January 26, 2024","Incumbent","–"
"131","Gretchen S. Lund","https://en.wikipedia.org/wiki/Gretchen_S._Lund","N.D. Ind.","https://en.wikipedia.org/wiki/United_States_District_Court_for_the_Northern_District_of_Indiana","November 27, 2023","Rn 4","https://en.wikipedia.org/wiki/List_of_federal_judges_appointed_by_Joe_Biden#cite_note-2024-01-08-56","[","]","January 25, 2024","87–6","D 131","https://en.wikipedia.org/wiki/List_of_federal_judges_appointed_by_Joe_Biden#cite_note-Lund-202","[","]","January 29, 2024","Incumbent","–"
"132","Kirk E. Sherriff","https://en.wikipedia.org/wiki/Kirk_E._Sherriff","E.D. Cal.","https://en.wikipedia.org/wiki/United_States_District_Court_for_the_Eastern_District_of_California","November 15, 2023","Rn 4","https://en.wikipedia.org/wiki/List_of_federal_judges_appointed_by_Joe_Biden#cite_note-2024-01-08-56","[","]","January 31, 2024","54–45","D 132","https://en.wikipedia.org/wiki/List_of_federal_judges_appointed_by_Joe_Biden#cite_note-Sherriff-203","[","]","February 7, 2024","Incumbent","–"
"133","Karoline Mehalchick","https://en.wikipedia.org/wiki/Karoline_Mehalchick","M.D. Pa.","https://en.wikipedia.org/wiki/United_States_District_Court_for_the_Middle_District_of_Pennsylvania","July 11, 2023","D 133","https://en.wikipedia.org/wiki/List_of_federal_judges_appointed_by_Joe_Biden#cite_note-Mehalchick-204","[","]","January 31, 2024","50–49","","","","","February 5, 2024","Incumbent","–"
"134","Amy M. Baggio","https://en.wikipedia.org/wiki/Amy_M._Baggio","D. Ore.","https://en.wikipedia.org/wiki/United_States_District_Court_for_the_District_of_Oregon","November 27, 2023","Rn 4","https://en.wikipedia.org/wiki/List_of_federal_judges_appointed_by_Joe_Biden#cite_note-2024-01-08-56","[","]","February 6, 2024","54–44","D 134","https://en.wikipedia.org/wiki/List_of_federal_judges_appointed_by_Joe_Biden#cite_note-Baggio-205","[","]","August 22, 2024","Incumbent","–"
"135","Jacqueline Becerra","https://en.wikipedia.org/wiki/Jacqueline_Becerra","S.D. Fla.","https://en.wikipedia.org/wiki/United_States_District_Court_for_the_Southern_District_of_Florida","November 6, 2023","Rn 4","https://en.wikipedia.org/wiki/List_of_federal_judges_appointed_by_Joe_Biden#cite_note-2024-01-08-56","[","]","February 27, 2024","56–40","D 135","https://en.wikipedia.org/wiki/List_of_federal_judges_appointed_by_Joe_Biden#cite_note-Becerra-206","[","]","February 29, 2024","Incumbent","–"
"136","David S. Leibowitz","https://en.wikipedia.org/wiki/David_S._Leibowitz","S.D. Fla.","https://en.wikipedia.org/wiki/United_States_District_Court_for_the_Southern_District_of_Florida","November 6, 2023","Rn 4","https://en.wikipedia.org/wiki/List_of_federal_judges_appointed_by_Joe_Biden#cite_note-2024-01-08-56","[","]","February 27, 2024","64–33","D 136","https://en.wikipedia.org/wiki/List_of_federal_judges_appointed_by_Joe_Biden#cite_note-Leibowitz-207","[","]","March 1, 2024","Incumbent","–"
"137","Julie S. Sneed","https://en.wikipedia.org/wiki/Julie_S._Sneed","M.D. Fla.","https://en.wikipedia.org/wiki/United_States_District_Court_for_the_Middle_District_of_Florida","November 6, 2023","Rn 4","https://en.wikipedia.org/wiki/List_of_federal_judges_appointed_by_Joe_Biden#cite_note-2024-01-08-56","[","]","February 28, 2024","54–44","D 137","https://en.wikipedia.org/wiki/List_of_federal_judges_appointed_by_Joe_Biden#cite_note-Sneed-208","[","]","March 4, 2024","Incumbent","–"
"138","Melissa Damian","https://en.wikipedia.org/wiki/Melissa_Damian","S.D. Fla.","https://en.wikipedia.org/wiki/United_States_District_Court_for_the_Southern_District_of_Florida","November 6, 2023","Rn 4","https://en.wikipedia.org/wiki/List_of_federal_judges_appointed_by_Joe_Biden#cite_note-2024-01-08-56","[","]","February 28, 2024","77–20","D 138","https://en.wikipedia.org/wiki/List_of_federal_judges_appointed_by_Joe_Biden#cite_note-Damian-209","[","]","March 4, 2024","Incumbent","–"
"139","Kelly H. Rankin","https://en.wikipedia.org/wiki/Kelly_H._Rankin","D. Wyo.","https://en.wikipedia.org/wiki/United_States_District_Court_for_the_District_of_Wyoming","January 10, 2024","D 139","https://en.wikipedia.org/wiki/List_of_federal_judges_appointed_by_Joe_Biden#cite_note-Rankin-210","[","]","March 7, 2024","voice vote","","","","","March 12, 2024","Incumbent","–"
"140","Jasmine H. Yoon","https://en.wikipedia.org/wiki/Jasmine_H._Yoon","W.D. Va.","https://en.wikipedia.org/wiki/United_States_District_Court_for_the_Western_District_of_Virginia","February 1, 2024","D 140","https://en.wikipedia.org/wiki/List_of_federal_judges_appointed_by_Joe_Biden#cite_note-Yoon-211","[","]","March 12, 2024","55–41","","","","","July 8, 2024","Incumbent","–"
"141","Sunil Harjani","https://en.wikipedia.org/wiki/Sunil_Harjani","N.D. Ill.","https://en.wikipedia.org/wiki/United_States_District_Court_for_the_Northern_District_of_Illinois","February 1, 2024","D 141","https://en.wikipedia.org/wiki/List_of_federal_judges_appointed_by_Joe_Biden#cite_note-Harjani-212","[","]","March 12, 2024","53–46","","","","","March 20, 2024","Incumbent","–"
"142","Melissa R. DuBose","https://en.wikipedia.org/wiki/Melissa_R._DuBose","D.R.I.","https://en.wikipedia.org/wiki/United_States_District_Court_for_the_District_of_Rhode_Island","February 1, 2024","D 142","https://en.wikipedia.org/wiki/List_of_federal_judges_appointed_by_Joe_Biden#cite_note-DuBose-213","[","]","March 12, 2024","51–47","","","","","–","–","–"
"143","Edward S. Kiel","https://en.wikipedia.org/wiki/Edward_S._Kiel","D.N.J.","https://en.wikipedia.org/wiki/United_States_District_Court_for_the_District_of_New_Jersey","October 4, 2023","Rn 4","https://en.wikipedia.org/wiki/List_of_federal_judges_appointed_by_Joe_Biden#cite_note-2024-01-08-56","[","]","March 20, 2024","50–49","D 143","https://en.wikipedia.org/wiki/List_of_federal_judges_appointed_by_Joe_Biden#cite_note-Kiel-214","[","]","March 25, 2024","Incumbent","–"
"144","Eumi K. Lee","https://en.wikipedia.org/wiki/Eumi_K._Lee","N.D. Cal.","https://en.wikipedia.org/wiki/United_States_District_Court_for_the_Northern_District_of_California","July 27, 2023","Rn 4","https://en.wikipedia.org/wiki/List_of_federal_judges_appointed_by_Joe_Biden#cite_note-2024-01-08-56","[","]","March 20, 2024","50–49","D 144","https://en.wikipedia.org/wiki/List_of_federal_judges_appointed_by_Joe_Biden#cite_note-E.Lee-215","[","]","May 7, 2024","Incumbent","–"
"145","Ernesto Gonzalez","https://en.wikipedia.org/wiki/Ernesto_Gonzalez_(judge)","W.D. Tex.","https://en.wikipedia.org/wiki/United_States_District_Court_for_the_Western_District_of_Texas","January 10, 2024","Rn 13","https://en.wikipedia.org/wiki/List_of_federal_judges_appointed_by_Joe_Biden#cite_note-Gonzalez-Schydlower-216","[","]","March 22, 2024","88–7","D 145","https://en.wikipedia.org/wiki/List_of_federal_judges_appointed_by_Joe_Biden#cite_note-Ernesto-Gonzalez-217","[","]","April 9, 2024","Incumbent","–"
"146","Leon Schydlower","https://en.wikipedia.org/wiki/Leon_Schydlower","W.D. Tex.","https://en.wikipedia.org/wiki/United_States_District_Court_for_the_Western_District_of_Texas","January 10, 2024","Rn 13","https://en.wikipedia.org/wiki/List_of_federal_judges_appointed_by_Joe_Biden#cite_note-Gonzalez-Schydlower-216","[","]","March 22, 2024","90–8","D 146","https://en.wikipedia.org/wiki/List_of_federal_judges_appointed_by_Joe_Biden#cite_note-Schydlower-218","[","]","March 26, 2024","Incumbent","–"
"147","Susan M. Bazis","https://en.wikipedia.org/wiki/Susan_M._Bazis","D. Neb.","https://en.wikipedia.org/wiki/United_States_District_Court_for_the_District_of_Nebraska","January 10, 2024","D 147","https://en.wikipedia.org/wiki/List_of_federal_judges_appointed_by_Joe_Biden#cite_note-Bazis-219","[","]","April 9, 2024","78–21","","","","","April 10, 2024","Incumbent","–"
"148","Robert J. White","https://en.wikipedia.org/wiki/Robert_J._White_(judge)","E.D. Mich.","https://en.wikipedia.org/wiki/United_States_District_Court_for_the_Eastern_District_of_Michigan","February 1, 2024","D 148","https://en.wikipedia.org/wiki/List_of_federal_judges_appointed_by_Joe_Biden#cite_note-White-220","[","]","April 9, 2024","58–42","","","","","April 15, 2024","Incumbent","–"
"149","Ann Marie McIff Allen","https://en.wikipedia.org/wiki/Ann_Marie_McIff_Allen","D. Utah","https://en.wikipedia.org/wiki/United_States_District_Court_for_the_District_of_Utah","January 10, 2024","D 149","https://en.wikipedia.org/wiki/List_of_federal_judges_appointed_by_Joe_Biden#cite_note-Allen-221","[","]","April 10, 2024","100–0","","","","","April 12, 2024","Incumbent","–"
"150","Georgia N. Alexakis","https://en.wikipedia.org/wiki/Georgia_N._Alexakis","N.D. Ill.","https://en.wikipedia.org/wiki/United_States_District_Court_for_the_Northern_District_of_Illinois","February 27, 2024","D 150","https://en.wikipedia.org/wiki/List_of_federal_judges_appointed_by_Joe_Biden#cite_note-Alexakis-222","[","]","May 1, 2024","54–44","","","","","August 2, 2024","Incumbent","–"
"151","Sanket J. Bulsara","https://en.wikipedia.org/wiki/Sanket_J._Bulsara","E.D.N.Y.","https://en.wikipedia.org/wiki/United_States_District_Court_for_the_Eastern_District_of_New_York","February 8, 2024","D 151","https://en.wikipedia.org/wiki/List_of_federal_judges_appointed_by_Joe_Biden#cite_note-Bulsara-223","[","]","May 15, 2024","51–42","","","","","–","–","–"
"152","Eric Schulte","https://en.wikipedia.org/wiki/Eric_Schulte","D.S.D.","https://en.wikipedia.org/wiki/United_States_District_Court_for_the_District_of_South_Dakota","February 8, 2024","D 152","https://en.wikipedia.org/wiki/List_of_federal_judges_appointed_by_Joe_Biden#cite_note-Schulte-224","[","]","May 15, 2024","61–33","","","","","June 3, 2024","Incumbent","–"
"153","Camela C. Theeler","https://en.wikipedia.org/wiki/Camela_C._Theeler","D.S.D.","https://en.wikipedia.org/wiki/United_States_District_Court_for_the_District_of_South_Dakota","February 8, 2024","D 153","https://en.wikipedia.org/wiki/List_of_federal_judges_appointed_by_Joe_Biden#cite_note-Theeler-225","[","]","May 16, 2024","90–4","","","","","June 4, 2024","Incumbent","–"
"154","Krissa M. Lanham","https://en.wikipedia.org/wiki/Krissa_M._Lanham","D. Ariz.","https://en.wikipedia.org/wiki/United_States_District_Court_for_the_District_of_Arizona","February 27, 2024","D 154","https://en.wikipedia.org/wiki/List_of_federal_judges_appointed_by_Joe_Biden#cite_note-Lanham-226","[","]","May 21, 2024","66–26","","","","","June 3, 2024","Incumbent","–"
"155","Angela M. Martinez","https://en.wikipedia.org/wiki/Angela_M._Martinez","D. Ariz.","https://en.wikipedia.org/wiki/United_States_District_Court_for_the_District_of_Arizona","February 27, 2024","D 155","https://en.wikipedia.org/wiki/List_of_federal_judges_appointed_by_Joe_Biden#cite_note-Martinez-227","[","]","May 22, 2024","66–28","","","","","July 2, 2024","Incumbent","–"
"156","Dena M. Coggins","https://en.wikipedia.org/wiki/Dena_M._Coggins","E.D. Cal.","https://en.wikipedia.org/wiki/United_States_District_Court_for_the_Eastern_District_of_California","February 8, 2024","D 156","https://en.wikipedia.org/wiki/List_of_federal_judges_appointed_by_Joe_Biden#cite_note-Coggins-228","[","]","May 22, 2024","50–44","","","","","September 18, 2024","Incumbent","–"
"157","Stacey D. Neumann","https://en.wikipedia.org/wiki/Stacey_D._Neumann","D. Me.","https://en.wikipedia.org/wiki/United_States_District_Court_for_the_District_of_Maine","April 30, 2024","D 157","https://en.wikipedia.org/wiki/List_of_federal_judges_appointed_by_Joe_Biden#cite_note-Neumann-229","[","]","July 30, 2024","50–43","","","","","August 22, 2024","Incumbent","–"
"158","Meredith Vacca","https://en.wikipedia.org/wiki/Meredith_Vacca","W.D.N.Y.","https://en.wikipedia.org/wiki/United_States_District_Court_for_the_Western_District_of_New_York","May 14, 2024","D 158","https://en.wikipedia.org/wiki/List_of_federal_judges_appointed_by_Joe_Biden#cite_note-Vacca-230","[","]","July 31, 2024","50–41","","","","","July 31, 2024","Incumbent","–"
"159","Joseph F. Saporito Jr.","https://en.wikipedia.org/wiki/Joseph_F._Saporito_Jr.","M.D. Pa.","https://en.wikipedia.org/wiki/United_States_District_Court_for_the_Middle_District_of_Pennsylvania","May 14, 2024","D 159","https://en.wikipedia.org/wiki/List_of_federal_judges_appointed_by_Joe_Biden#cite_note-Saporito-231","[","]","July 31, 2024","53–39","","","","","August 13, 2024","Incumbent","–"
"160","Adam B. Abelson","https://en.wikipedia.org/wiki/Adam_B._Abelson","D. Md.","https://en.wikipedia.org/wiki/United_States_District_Court_for_the_District_of_Maryland","May 14, 2024","D 160","https://en.wikipedia.org/wiki/List_of_federal_judges_appointed_by_Joe_Biden#cite_note-Abelson-232","[","]","September 10, 2024","53–43","","","","","September 12, 2024","Incumbent","–"
"161","Jeannette Vargas","https://en.wikipedia.org/wiki/Jeannette_Vargas","S.D.N.Y.","https://en.wikipedia.org/wiki/United_States_District_Court_for_the_Southern_District_of_New_York","March 21, 2024","D 161","https://en.wikipedia.org/wiki/List_of_federal_judges_appointed_by_Joe_Biden#cite_note-Vargas-233","[","]","September 10, 2024","51–43","","","","","November 6, 2024","Incumbent","–"
"162","Mary Kay Lanthier","https://en.wikipedia.org/wiki/Mary_Kay_Lanthier","D. Vt.","https://en.wikipedia.org/wiki/United_States_District_Court_for_the_District_of_Vermont","June 4, 2024","D 162","https://en.wikipedia.org/wiki/List_of_federal_judges_appointed_by_Joe_Biden#cite_note-Lanthier-234","[","]","September 11, 2024","55–42","","","","","September 12, 2024","Incumbent","–"
"163","Laura Provinzino","https://en.wikipedia.org/wiki/Laura_Provinzino","D. Minn.","https://en.wikipedia.org/wiki/United_States_District_Court_for_the_District_of_Minnesota","June 13, 2024","D 163","https://en.wikipedia.org/wiki/List_of_federal_judges_appointed_by_Joe_Biden#cite_note-Provinzino-235","[","]","September 12, 2024","54–41","","","","","September 16, 2024","Incumbent","–"
"164","Mary Kay Costello","https://en.wikipedia.org/wiki/Mary_Kay_Costello","E.D. Pa.","https://en.wikipedia.org/wiki/United_States_District_Court_for_the_Eastern_District_of_Pennsylvania","June 13, 2024","D 164","https://en.wikipedia.org/wiki/List_of_federal_judges_appointed_by_Joe_Biden#cite_note-Costello-236","[","]","September 17, 2024","52–41","","","","","September 19, 2024","Incumbent","–"
"165","Michelle Williams Court","https://en.wikipedia.org/wiki/Michelle_Williams_Court","C.D. Cal.","https://en.wikipedia.org/wiki/United_States_District_Court_for_the_Central_District_of_California","April 30, 2024","D 165","https://en.wikipedia.org/wiki/List_of_federal_judges_appointed_by_Joe_Biden#cite_note-Court-237","[","]","September 18, 2024","49–44","","","","","November 7, 2024","Incumbent","–"
"166","Byron B. Conway","https://en.wikipedia.org/wiki/Byron_B._Conway","E.D. Wis.","https://en.wikipedia.org/wiki/United_States_District_Court_for_the_Eastern_District_of_Wisconsin","July 8, 2024","D 166","https://en.wikipedia.org/wiki/List_of_federal_judges_appointed_by_Joe_Biden#cite_note-Conway-238","[","]","September 25, 2024","58–37","","","","","November 4, 2024","Incumbent","–"
"167","April Perry","https://en.wikipedia.org/wiki/April_Perry","N.D. Ill.","https://en.wikipedia.org/wiki/United_States_District_Court_for_the_Northern_District_of_Illinois","July 11, 2024","D 167","https://en.wikipedia.org/wiki/List_of_federal_judges_appointed_by_Joe_Biden#cite_note-Perry-239","[","]","November 12, 2024","51–44","","","","","November 20, 2024","Incumbent","–"
"168","Jonathan E. Hawley","https://en.wikipedia.org/wiki/Jonathan_E._Hawley","C.D. Ill.","https://en.wikipedia.org/wiki/United_States_District_Court_for_the_Central_District_of_Illinois","July 8, 2024","D 168","https://en.wikipedia.org/wiki/List_of_federal_judges_appointed_by_Joe_Biden#cite_note-Hawley-240","[","]","November 13, 2024","50–46","","","","","November 15, 2024","Incumbent","–"
"169","Mustafa T. Kasubhai","https://en.wikipedia.org/wiki/Mustafa_T._Kasubhai","D. Ore.","https://en.wikipedia.org/wiki/United_States_District_Court_for_the_District_of_Oregon","September 18, 2023","Rn 4","https://en.wikipedia.org/wiki/List_of_federal_judges_appointed_by_Joe_Biden#cite_note-2024-01-08-56","[","]","November 19, 2024","51–44","D 169","https://en.wikipedia.org/wiki/List_of_federal_judges_appointed_by_Joe_Biden#cite_note-Kasubhai-241","[","]","November 22, 2024","Incumbent","–"
"170","Sarah F. Russell","https://en.wikipedia.org/wiki/Sarah_F._Russell","D. Conn.","https://en.wikipedia.org/wiki/United_States_District_Court_for_the_District_of_Connecticut","October 4, 2023","Rn 4","https://en.wikipedia.org/wiki/List_of_federal_judges_appointed_by_Joe_Biden#cite_note-2024-01-08-56","[","]","November 19, 2024","50–44","D 170","https://en.wikipedia.org/wiki/List_of_federal_judges_appointed_by_Joe_Biden#cite_note-S._Russell-242","[","]","November 26, 2024","Incumbent","–"
"171","Rebecca L. Pennell","https://en.wikipedia.org/wiki/Rebecca_L._Pennell","E.D. Wash.","https://en.wikipedia.org/wiki/United_States_District_Court_for_the_Eastern_District_of_Washington","March 21, 2024","D 171","https://en.wikipedia.org/wiki/List_of_federal_judges_appointed_by_Joe_Biden#cite_note-Pennell-243","[","]","November 20, 2024","50–48","","","","","December 9, 2024","Incumbent","–"
"172","Amir Ali","https://en.wikipedia.org/wiki/Amir_Ali_(judge)","D.D.C.","https://en.wikipedia.org/wiki/United_States_District_Court_for_the_District_of_Columbia","February 1, 2024","D 172","https://en.wikipedia.org/wiki/List_of_federal_judges_appointed_by_Joe_Biden#cite_note-Ali-244","[","]","November 20, 2024","50–49","","","","","November 22, 2024","Incumbent","–"
"173","Sharad H. Desai","https://en.wikipedia.org/wiki/Sharad_H._Desai","D. Ariz.","https://en.wikipedia.org/wiki/United_States_District_Court_for_the_District_of_Arizona","September 9, 2024","D 173","https://en.wikipedia.org/wiki/List_of_federal_judges_appointed_by_Joe_Biden#cite_note-Desai-245","[","]","November 21, 2024","82–12","","","","","–","–","–"
"174","Anne Hwang","https://en.wikipedia.org/wiki/Anne_Hwang","C.D. Cal.","https://en.wikipedia.org/wiki/United_States_District_Court_for_the_Central_District_of_California","April 30, 2024","D 174","https://en.wikipedia.org/wiki/List_of_federal_judges_appointed_by_Joe_Biden#cite_note-Hwang-246","[","]","December 2, 2024","48–43","","","","","December 6, 2024","Incumbent","–"
"175","Brian E. Murphy","https://en.wikipedia.org/wiki/Brian_E._Murphy","D. Mass.","https://en.wikipedia.org/wiki/United_States_District_Court_for_the_District_of_Massachusetts","March 21, 2024","D 175","https://en.wikipedia.org/wiki/List_of_federal_judges_appointed_by_Joe_Biden#cite_note-Brian_Murphy-247","[","]","December 2, 2024","47–45","","","","","December 6, 2024","Incumbent","–"
"176","Sparkle L. Sooknanan","https://en.wikipedia.org/wiki/Sparkle_L._Sooknanan","D.D.C.","https://en.wikipedia.org/wiki/United_States_District_Court_for_the_District_of_Columbia","February 27, 2024","D 176","https://en.wikipedia.org/wiki/List_of_federal_judges_appointed_by_Joe_Biden#cite_note-Sooknanan-248","[","]","December 3, 2024","50–48","","","","","–","–","–"
"177","Catherine Henry","https://en.wikipedia.org/wiki/Catherine_Henry","E.D. Pa.","https://en.wikipedia.org/wiki/United_States_District_Court_for_the_Eastern_District_of_Pennsylvania","June 4, 2024","D 177","https://en.wikipedia.org/wiki/List_of_federal_judges_appointed_by_Joe_Biden#cite_note-Henry-249","[","]","December 3, 2024","50–48","","","","","–","–","–"
"178","Gail A. Weilheimer","https://en.wikipedia.org/wiki/Gail_A._Weilheimer","E.D. Pa.","https://en.wikipedia.org/wiki/United_States_District_Court_for_the_Eastern_District_of_Pennsylvania","July 8, 2024","D 178","https://en.wikipedia.org/wiki/List_of_federal_judges_appointed_by_Joe_Biden#cite_note-Weilheimer-250","[","]","December 3, 2024","50–48","","","","","–","–","–"
"179","Anthony Brindisi","https://en.wikipedia.org/wiki/Anthony_Brindisi","N.D.N.Y.","https://en.wikipedia.org/wiki/United_States_District_Court_for_the_Northern_District_of_New_York","July 31, 2024","D 179","https://en.wikipedia.org/wiki/List_of_federal_judges_appointed_by_Joe_Biden#cite_note-Brindisi-251","[","]","December 4, 2024","50–49","","","","","December 9, 2024","Incumbent","–"
"180","Elizabeth C. Coombe","https://en.wikipedia.org/wiki/Elizabeth_C._Coombe","N.D.N.Y.","https://en.wikipedia.org/wiki/United_States_District_Court_for_the_Northern_District_of_New_York","September 9, 2024","D 180","https://en.wikipedia.org/wiki/List_of_federal_judges_appointed_by_Joe_Biden#cite_note-Coombe-252","[","]","December 4, 2024","52–45","","","","","December 9, 2024","Incumbent","–"
"181","Sarah M. Davenport","https://en.wikipedia.org/wiki/Sarah_M._Davenport","D.N.M.","https://en.wikipedia.org/wiki/United_States_District_Court_for_the_District_of_New_Mexico","September 9, 2024","D 181","https://en.wikipedia.org/wiki/List_of_federal_judges_appointed_by_Joe_Biden#cite_note-Davenport-253","[","]","December 5, 2024","52–45","","","","","–","–","–"
"182","Tiffany R. Johnson","https://en.wikipedia.org/wiki/Tiffany_R._Johnson","N.D. Ga.","https://en.wikipedia.org/wiki/United_States_District_Court_for_the_Northern_District_of_Georgia","July 31, 2024","D 182","https://en.wikipedia.org/wiki/List_of_federal_judges_appointed_by_Joe_Biden#cite_note-Tiffany_Johnson-254","[","]","December 9, 2024","48–44","","","","","–","–","–"
"183","Keli M. Neary","https://en.wikipedia.org/wiki/Keli_M._Neary","M.D. Pa.","https://en.wikipedia.org/wiki/United_States_District_Court_for_the_Middle_District_of_Pennsylvania","July 31, 2024","D 183","https://en.wikipedia.org/wiki/List_of_federal_judges_appointed_by_Joe_Biden#cite_note-Neary-255","[","]","December 10, 2024","49–48","","","","","–","–","–"
"184","Cynthia Valenzuela Dixon","https://en.wikipedia.org/wiki/Cynthia_Valenzuela_Dixon","C.D. Cal.","https://en.wikipedia.org/wiki/United_States_District_Court_for_the_Central_District_of_California","April 30, 2024","D 184","https://en.wikipedia.org/wiki/List_of_federal_judges_appointed_by_Joe_Biden#cite_note-Valenzuela_Dixon-256","[","]","December 10, 2024","49–47","","","","","–","–","–"
"185","Noël Wise","https://en.wikipedia.org/wiki/No%C3%ABl_Wise","N.D. Cal.","https://en.wikipedia.org/wiki/United_States_District_Court_for_the_Northern_District_of_California","June 13, 2024","D 185","https://en.wikipedia.org/wiki/List_of_federal_judges_appointed_by_Joe_Biden#cite_note-Wise-257","[","]","December 11, 2024","50–47","","","","","–","–","–"
"**","","","S.D. Cal.","https://en.wikipedia.org/wiki/United_States_District_Court_for_the_Southern_District_of_California","November 18, 2024","","","","","–","–","","","","","–","–","–"
"**","","","C.D. Cal.","https://en.wikipedia.org/wiki/United_States_District_Court_for_the_Central_District_of_California","November 18, 2024","","","","","–","–","","","","","–","–","–"
"*","","","S.D. Cal.","https://en.wikipedia.org/wiki/United_States_District_Court_for_the_Southern_District_of_California","February 1, 2024","","","","","–","–","","","","","–","–","–"
"*","","","S.D. Fla.","https://en.wikipedia.org/wiki/United_States_District_Court_for_the_Southern_District_of_Florida","March 21, 2024","","","","","–","–","","","","","–","–","–"
"*","","","D. Mont.","https://en.wikipedia.org/wiki/United_States_District_Court_for_the_District_of_Montana","April 30, 2024","","","","","–","–","","","","","–","–","–"
"*","","","S.D.N.Y.","https://en.wikipedia.org/wiki/United_States_District_Court_for_the_Southern_District_of_New_York","April 30, 2024","","","","","–","–","","","","","–","–","–"
"*","Tali Farhadian Weinstein","https://en.wikipedia.org/wiki/Tali_Farhadian_Weinstein","S.D.N.Y.","https://en.wikipedia.org/wiki/United_States_District_Court_for_the_Southern_District_of_New_York","–","","","","","–","–","","","","","–","pending","–"